f1,f2,f3,f4,f5,f6,f7,f8,f9,f10
hlwn,Beatae.,rc,t,Nobis ut.,Unde.,Haut.,Vue sens.,Non ipsa dolorum.,Double.
gmax,Ipsa.,ho,n,Cum.,Rerum.,Iusto.,Question.,Avant heureux.,Harum non.
lmad,Unde in.,kg,b,Eaque sed.,Est.,Que mois.,Amet.,Loup tard malgré.,Repudiandae.
eoje,Fugit.,bj,h,Fuga.,Id.,Eaque.,Lever.,Ipsum blanditiis.,Prendre.
xwpv,Accomplir.,kw,f,Ennemi.,Fait.,Quart.,Ea.,Mode groupe.,Sit earum.
jjru,Nesciunt.,px,i,Dolorem.,Peine.,Lumière.,Paysage.,Sentiment plonger.,Labore.
yeuj,Blanditiis.,ty,w,Magnam.,Puis.,Dolores.,Architecto.,Aperiam explicabo.,Lien dur.
whpu,A nam.,hx,n,Explicabo.,Eius.,Cheval.,Contraire.,Tenetur ipsam sunt.,Architecto.
gxje,Ad odit.,vr,q,Enim.,Effet.,Dépasser.,Forme.,Habiller froid.,Suscipit.
tdvw,Eaque quo.,tf,y,Inviter.,Aimer.,Dolore.,Quod.,Aliquid distinctio.,Sit totam.
nbhi,Quisquam.,ow,y,Ministre.,Part.,Ullam.,Début.,Pluie pousser.,Mollitia.
oixo,Delectus.,km,p,Marier.,Quae.,Cesse de.,Amet quas.,Atque iure.,Sunt nulla.
pvcj,Vide.,pu,f,Émotion.,Culpa.,Aut.,Habiter.,Est quisquam illum.,Signe large.
fanv,Sequi.,ww,j,Aventure.,Quasi.,Et.,Explicabo.,Deleniti similique.,Quam atque.
zzuf,Quam id.,ie,x,Ceci.,Minus.,Quasi ut.,Culpa.,Rem corrupti.,Voluptas.
kbjt,Maiores.,xy,s,Pareil.,Quia.,Laborum.,Bon inutile.,Debitis corporis.,Question.
wllx,Libero.,kf,f,Vitae aut.,Alias.,Lever.,Te.,Malgré coûter.,Itaque.
uamk,Puis.,dc,q,Perferendis.,Ad.,Voluptas.,At.,Unde atque.,Aspernatur.
ktuf,Renverser.,dr,u,Voluptate.,Quod.,Beau.,Pourquoi.,Vero iure adipisci.,Accusantium.
kjur,Dolor quam.,gm,i,Repellendus.,Modi.,Optio.,Nam cumque.,Chance pourquoi.,Ajouter.
qcvq,Argent.,ko,i,Dolor.,Vero.,Corrupti.,Unde quia.,Jusque toile.,Voluptates.
qlpa,Omnis.,jl,u,Dolorum.,Dolor.,Alias.,Reiciendis.,Eaque aut sed.,Ullam ipsum.
jvvv,Facilis.,hh,p,Adipisci.,Eau.,Chiffre.,Militaire.,Accompagner fait.,Juste ruine.
utet,Coucher un.,yc,u,Ad amet.,En.,Eveniet.,Changement.,Ut eos dolorum.,Mollitia id.
cmqe,Recusandae.,wb,j,Quidem.,Error.,Iste.,Continuer.,Esse corporis.,Amet.
uhdq,Regarder.,gu,k,Delectus.,Fugit.,Quae.,Minima quod.,Nisi repudiandae.,Atque.
sdoh,Eveniet.,sg,a,Repellat.,Aut.,Itaque.,Eaque eos.,Humide secrétaire.,Similique.
pwva,Iure.,fq,z,Voluptatum.,Eum.,A id.,Provident.,Paysage fixer.,Quod.
dosk,Calme.,gl,u,Ducimus.,Garde.,Maiores.,Remettre.,Énorme retirer.,Second paix.
ezvu,Quibusdam.,rt,d,Coucher.,Mari.,Nesciunt.,Quo aliquid.,Itaque sit.,Quia.
jlwr,Source.,ss,h,Tellement.,Totam.,Enlever.,Craindre.,Mollitia explicabo.,Delectus.
pcqe,Hésiter.,cs,v,Reiciendis.,Omnis.,Aliquam.,Jeune.,Id ratione animi.,Beau lequel.
jyhg,Tenetur.,hl,s,Laboriosam.,Sit.,Illo.,Maladie.,Dolore non.,Odio dicta.
esft,Épais.,hq,m,Dolorem.,Ut.,Argent.,Terme.,Tirer larme.,Dignissimos.
zaac,Maxime.,rc,o,Vero.,Qui.,Pour.,Alias.,Minima officia.,Vero cumque.
owlk,Sapiente.,js,y,Ipsa.,Toi.,Nul.,Aliquid.,Fuir sentiment.,Numquam nam.
jmur,Scène.,kf,h,Nisi amet.,Elle.,Déposer.,Ratione.,Saepe explicabo.,Cinquante.
tbit,Quas velit.,hc,c,Également.,Passé.,Quis.,Reposer.,In vel alias.,Page.
ptkx,Avance.,hb,y,Rire nommer.,Fruit.,Ratione.,Pourtant.,Deleniti repellat.,Ce aide.
xopj,Chien joue.,yv,w,Résister.,Air.,Examiner.,Doloremque.,Numquam non sequi.,Nulla sunt.
gyal,Courage.,ag,y,Omnis.,Quia.,Tenetur.,Nam.,Dicta facere ullam.,Musique.
jywb,Accusamus.,du,w,Poids.,Natus.,Étouffer.,Guère.,Placeat repellat.,Est quas.
bfmh,Suscipit.,un,u,Sérieux.,Vue.,Id non.,Briller.,Inventore optio.,Vero ad.
delf,Besoin.,li,q,Frais.,Animi.,Possimus.,Terminer.,Cum molestias.,Laboriosam.
knpf,Quia cum.,zt,n,Accusantium.,Art.,Paraître.,Assister.,Non vieillard mari.,At ipsa.
rzoj,Aliquid.,sj,d,Autrefois.,Ut id.,Noire.,Quidem nisi.,Quidem ratione.,Dolores sit.
mcus,Ainsi sou.,rr,b,Sed alias.,Lit.,Itaque.,Inventer.,Distinctio.,Beatae.
qrof,Sed ullam.,al,l,Haut.,Nam.,Instant.,Quisquam.,Quam debitis.,Son agiter.
ivij,Installer.,av,b,Sourd.,Aut.,Cheveu.,Dolore unde.,Ut minima magni.,Verre.
acnu,Voluptates.,tf,f,Modi.,Iusto.,Poitrine.,Condition.,Sunt mollitia.,Membre.
kmsn,Ipsam.,mx,r,Point.,Earum.,Soluta.,Chute.,Molestiae nesciunt.,Velit.
lraw,Saepe.,rl,l,Accusamus.,Illum.,Étroit.,Alias ullam.,Nobis dolore.,Désigner.
fjrb,Voluptatem.,ms,w,Nobis error.,Ex.,Pouvoir.,Voluptates.,Pauvre rire.,Sequi.
pzhh,Eos sit.,xp,d,Livre état.,Est.,Quod.,Asperiores.,Ex quod corrupti.,Possimus.
mdhk,Étude.,tx,c,Odit rerum.,Bon.,Rocher.,Fixer.,Voluptas quae qui.,Non debitis.
wywd,Saison moi.,ab,r,Laboriosam.,Ut.,Expedita.,Position.,Suscipit.,Ad nesciunt.
zrrx,Modi.,zj,w,Image.,Vague.,Esse.,Cum eius.,Patron ne grâce.,Molestiae.
dhhp,Velit.,qx,y,Pourquoi.,Quia.,Est nord.,Optio.,Suscipit impedit.,Nihil.
xagd,Tenter.,vx,g,Magnam.,Dont.,Air.,Porro.,Mais prévoir large.,Leur.
decg,Lorsque.,uz,v,Haut.,Sint.,Corrupti.,Rerum.,Id facere dolorum.,Similique.
bpnc,In minima.,uh,j,Abri.,Ad.,Sien.,Emmener.,Surveiller tout.,Nemo magni.
ldjf,Tempête.,zv,d,But repas.,Nisi.,Plaindre.,Fugit.,Incidunt.,Quisquam et.
ohyy,Puissant.,lc,r,Adipisci.,Illo.,Dolorum.,Monde haine.,Eaque error iure.,Commun.
bzml,Voluptatem.,ne,q,Eius magnam.,Front.,Ducimus.,Iste.,Fête siège.,Nostrum ex.
lwli,Ut.,ia,x,Dolores.,At.,Lever.,Ab quas.,Mort fenêtre.,Facere.
twoo,Animi.,ha,d,Tôt.,Animi.,Nu.,Officia.,Molestiae adipisci.,Haïr.
guvl,Eaux.,if,f,Amet rem.,Iste.,Quis.,Animi.,Fugit nulla a.,Minima.
fowl,Soluta.,ms,a,Mollitia a.,Iste.,Tempore.,Ainsi.,Quod provident.,Similique.
pzdw,Âge colère.,jj,k,Sunt.,Nisi.,Aut illo.,Similique.,Éclairer passé.,Aut tenetur.
iehs,Error.,sv,v,Également.,Prix.,Membre.,Tard franc.,Delectus animi.,Quo tenetur.
njvv,Recusandae.,gm,h,Molestiae.,Odio.,Vers.,Gros.,Prouver demeurer.,Entourer.
rcrc,Omnis.,my,n,Abattre.,Eius.,Drôle.,Consequatur.,Cercle cacher.,Ipsum.
fpzi,Quaerat.,tj,l,Voluptas.,Qui.,Quis ut.,Aucun.,Sit voluptates.,Entendre.
lois,Impedit.,cr,j,Passer.,Ipsum.,Atque.,Courant.,Connaître.,Explicabo.
eayv,Précieux.,zv,k,Triste mari.,Crise.,Avoir.,Clef matin.,Ami arriver tracer.,Illo libero.
belh,Nam sequi.,pe,t,Rem vero.,Prêt.,Cumque.,Odio.,Certain.,Ensemble.
rvqc,Corporis.,uw,f,Raconter.,Haine.,Itaque.,Facilis.,Quibusdam rem.,Nesciunt ad.
esdc,Quo iure.,mg,k,Recusandae.,Quis.,Impedit.,Omnis omnis.,Parti si désert.,Choisir.
lwii,Entourer.,cr,h,Eos laborum.,Mille.,Adipisci.,Error.,Tempore est quia.,Taire.
yrfd,Quia.,rx,b,Relever ah.,Quand.,Tenetur.,Velit omnis.,Delectus deserunt.,Beatae.
ylqx,Posséder.,gg,q,Ajouter.,Totam.,Ratione.,Cause.,Laboriosam commodi.,Plusieurs.
qwrw,Quelque.,re,p,Neuf ou.,Nihil.,Amet.,Dolores.,Ipsam ipsam rerum.,Tempora eos.
cglf,Travail.,zm,n,Praesentium.,Vitae.,Rem.,Quibusdam.,Officiis non.,Sunt.
avoq,Quasi.,xk,w,Dépasser.,Peser.,Ah.,Eveniet.,Soulever vieil.,Meilleur.
hihu,Bien.,ck,b,Perferendis.,Totam.,Pariatur.,Ex quasi.,Minima quidem.,Quod rerum.
lvne,Imposer.,cu,m,Recusandae.,Quos.,Clef.,Voici.,Voluptatem neque.,Laudantium.
zagc,Veritatis.,vw,c,Quia.,Nihil.,Cum nemo.,Architecto.,Veritatis quia.,Etc seuil.
riqa,Totam.,ld,v,Enlever.,Mais.,Culpa.,Quas quis.,Grâce agir nourrir.,Fugit.
fgll,Atque.,bq,e,Parmi.,Enim.,Dicta.,Repellat.,Ipsa ipsam.,Quo quaerat.
zkti,Quo.,gc,o,Pointe.,Atque.,Tenetur.,Vel ipsum.,Voluptates sit.,Quos.
rlvh,Ipsa.,bk,c,Dicta.,Fixe.,Neque.,Sapiente.,Minima suscipit.,Consequatur.
egqe,Est minus.,tn,p,Eh voisin.,Réel.,Ipsum.,Esse.,Nouveau abattre.,Quibusdam.
kzte,Eligendi.,lg,m,Crier digne.,Velit.,Quisquam.,Culpa illo.,Céder double.,Iure.
cagg,Deserunt.,od,a,Eos sit.,Dolor.,Soluta.,Illo fugit.,Prêter prière.,Mort vêtir.
rdtr,Nam.,wf,g,Neque.,Dicta.,Illo in.,Bas bruit.,Suscipit fuga.,Inviter.
oket,Sint.,sm,f,Neque.,Iusto.,Modi.,Voyage.,Ipsa animi laborum.,Heure armée.
xlnd,Deleniti.,xm,l,Santé elle.,Illo.,Rose le.,Tempore.,Franc moi aile.,Libero.
byhm,Possimus.,zr,e,Consectetur.,Minus.,Modi.,Laudantium.,Aperiam in quis.,Officia.
prfk,Ea.,fv,r,Asperiores.,Velit.,Essayer.,Molestias.,Mollitia sint.,Trois.
ufvy,Rem.,wd,m,Enim.,Nulla.,Vero.,Étaler.,Tempore veniam.,Haut pied.
